[{"title_":"Bom Dia Trader: Bolsas e Commodities Globais","link_":"https://br.investing.com/analysis/bom-dia-trader-bdt--862021-200442459","source_name_":"Análises Técnicas","source_link_":"https://br.investing.com","pub_date_":"2021-06-08T10:37:00.000Z"},{"title_":"Livro Bege do Fed Alerta sobre Inflação e Escassez de Trabalhadores nos EUA","link_":"https://br.investing.com/analysis/livro-bege-do-fed-alerta-sobre-inflacao-e-escassez-de-trabalhadores-nos-eua-200442423","source_name_":"Análises Técnicas","source_link_":"https://br.investing.com","pub_date_":"2021-06-07T13:11:00.000Z"},{"title_":"Operações de Reflação Podem Estar com os Dias Contados","link_":"https://br.investing.com/analysis/operacoes-de-reflacao-podem-estar-com-os-dias-contados-200442382","source_name_":"Análises Técnicas","source_link_":"https://br.investing.com","pub_date_":"2021-06-04T12:36:00.000Z"},{"title_":"Bom Dia Trader (BDT): Retorno de Feriado e Payroll!","link_":"https://br.investing.com/analysis/bom-dia-trader-bdt--462021--retorno-de-feriado-e-payroll--200442384","source_name_":"Análises Técnicas","source_link_":"https://br.investing.com","pub_date_":"2021-06-04T10:59:00.000Z"},{"title_":"Bom Dia Trader! 28/5/2021","link_":"https://br.investing.com/analysis/bom-dia-trader-bdt--2852021-200442248","source_name_":"Análises Técnicas","source_link_":"https://br.investing.com","pub_date_":"2021-05-28T10:13:00.000Z"},{"title_":"Abertura de Mercado: Índices e Commodities Globais","link_":"https://br.investing.com/analysis/bom-dia-trader-bdt--2752021-200442223","source_name_":"Análises Técnicas","source_link_":"https://br.investing.com","pub_date_":"2021-05-27T10:31:00.000Z"},{"title_":"Abertura de Mercado: Bolsas e Commodities Internacionais","link_":"https://br.investing.com/analysis/bom-dia-trader-bdt--2552021-200442166","source_name_":"Análises Técnicas","source_link_":"https://br.investing.com","pub_date_":"2021-05-25T10:18:00.000Z"},{"title_":"Abertura do Mercado: Bolsas e Commodities Globais","link_":"https://br.investing.com/analysis/bom-dia-trader--2452021-200442138","source_name_":"Análises Técnicas","source_link_":"https://br.investing.com","pub_date_":"2021-05-24T10:26:00.000Z"},{"title_":"Aversão ao Risco e Juros Maiores nos EUA Prometem Tempos Difíceis pela Frente","link_":"https://br.investing.com/analysis/aversao-ao-risco-e-juros-maiores-nos-eua-prometem-tempos-dificeis-pela-frente-200442097","source_name_":"Análises Técnicas","source_link_":"https://br.investing.com","pub_date_":"2021-05-21T12:56:00.000Z"},{"title_":"Abertura do Mercado: Bolsas e Commodities Internacionais","link_":"https://br.investing.com/analysis/bom-dia-trader--21052021-200442095","source_name_":"Análises Técnicas","source_link_":"https://br.investing.com","pub_date_":"2021-05-21T09:56:00.000Z"},{"title_":"Bom Dia Trader: Bolsas e Commodities Globais","link_":"https://br.investing.com/analysis/bom-dia-trader-bdt--862021-200442459","source_name_":"Análises Técnicas","source_link_":"https://br.investing.com","pub_date_":"2021-06-08T10:37:00.000Z"},{"title_":"Livro Bege do Fed Alerta sobre Inflação e Escassez de Trabalhadores nos EUA","link_":"https://br.investing.com/analysis/livro-bege-do-fed-alerta-sobre-inflacao-e-escassez-de-trabalhadores-nos-eua-200442423","source_name_":"Análises Técnicas","source_link_":"https://br.investing.com","pub_date_":"2021-06-07T13:11:00.000Z"},{"title_":"Operações de Reflação Podem Estar com os Dias Contados","link_":"https://br.investing.com/analysis/operacoes-de-reflacao-podem-estar-com-os-dias-contados-200442382","source_name_":"Análises Técnicas","source_link_":"https://br.investing.com","pub_date_":"2021-06-04T12:36:00.000Z"},{"title_":"Bom Dia Trader (BDT): Retorno de Feriado e Payroll!","link_":"https://br.investing.com/analysis/bom-dia-trader-bdt--462021--retorno-de-feriado-e-payroll--200442384","source_name_":"Análises Técnicas","source_link_":"https://br.investing.com","pub_date_":"2021-06-04T10:59:00.000Z"},{"title_":"Bom Dia Trader! 28/5/2021","link_":"https://br.investing.com/analysis/bom-dia-trader-bdt--2852021-200442248","source_name_":"Análises Técnicas","source_link_":"https://br.investing.com","pub_date_":"2021-05-28T10:13:00.000Z"},{"title_":"Abertura de Mercado: Índices e Commodities Globais","link_":"https://br.investing.com/analysis/bom-dia-trader-bdt--2752021-200442223","source_name_":"Análises Técnicas","source_link_":"https://br.investing.com","pub_date_":"2021-05-27T10:31:00.000Z"},{"title_":"Abertura de Mercado: Bolsas e Commodities Internacionais","link_":"https://br.investing.com/analysis/bom-dia-trader-bdt--2552021-200442166","source_name_":"Análises Técnicas","source_link_":"https://br.investing.com","pub_date_":"2021-05-25T10:18:00.000Z"},{"title_":"Abertura do Mercado: Bolsas e Commodities Globais","link_":"https://br.investing.com/analysis/bom-dia-trader--2452021-200442138","source_name_":"Análises Técnicas","source_link_":"https://br.investing.com","pub_date_":"2021-05-24T10:26:00.000Z"},{"title_":"Aversão ao Risco e Juros Maiores nos EUA Prometem Tempos Difíceis pela Frente","link_":"https://br.investing.com/analysis/aversao-ao-risco-e-juros-maiores-nos-eua-prometem-tempos-dificeis-pela-frente-200442097","source_name_":"Análises Técnicas","source_link_":"https://br.investing.com","pub_date_":"2021-05-21T12:56:00.000Z"},{"title_":"Abertura do Mercado: Bolsas e Commodities Internacionais","link_":"https://br.investing.com/analysis/bom-dia-trader--21052021-200442095","source_name_":"Análises Técnicas","source_link_":"https://br.investing.com","pub_date_":"2021-05-21T09:56:00.000Z"},{"title_":"Bom Dia Trader: Bolsas e Commodities Globais","link_":"https://br.investing.com/analysis/bom-dia-trader-bdt--862021-200442459","source_name_":"Análises Técnicas","source_link_":"https://br.investing.com","pub_date_":"2021-06-08T10:37:00.000Z"},{"title_":"Livro Bege do Fed Alerta sobre Inflação e Escassez de Trabalhadores nos EUA","link_":"https://br.investing.com/analysis/livro-bege-do-fed-alerta-sobre-inflacao-e-escassez-de-trabalhadores-nos-eua-200442423","source_name_":"Análises Técnicas","source_link_":"https://br.investing.com","pub_date_":"2021-06-07T13:11:00.000Z"},{"title_":"Operações de Reflação Podem Estar com os Dias Contados","link_":"https://br.investing.com/analysis/operacoes-de-reflacao-podem-estar-com-os-dias-contados-200442382","source_name_":"Análises Técnicas","source_link_":"https://br.investing.com","pub_date_":"2021-06-04T12:36:00.000Z"},{"title_":"Bom Dia Trader (BDT): Retorno de Feriado e Payroll!","link_":"https://br.investing.com/analysis/bom-dia-trader-bdt--462021--retorno-de-feriado-e-payroll--200442384","source_name_":"Análises Técnicas","source_link_":"https://br.investing.com","pub_date_":"2021-06-04T10:59:00.000Z"},{"title_":"Bom Dia Trader! 28/5/2021","link_":"https://br.investing.com/analysis/bom-dia-trader-bdt--2852021-200442248","source_name_":"Análises Técnicas","source_link_":"https://br.investing.com","pub_date_":"2021-05-28T10:13:00.000Z"},{"title_":"Abertura de Mercado: Índices e Commodities Globais","link_":"https://br.investing.com/analysis/bom-dia-trader-bdt--2752021-200442223","source_name_":"Análises Técnicas","source_link_":"https://br.investing.com","pub_date_":"2021-05-27T10:31:00.000Z"},{"title_":"Abertura de Mercado: Bolsas e Commodities Internacionais","link_":"https://br.investing.com/analysis/bom-dia-trader-bdt--2552021-200442166","source_name_":"Análises Técnicas","source_link_":"https://br.investing.com","pub_date_":"2021-05-25T10:18:00.000Z"},{"title_":"Abertura do Mercado: Bolsas e Commodities Globais","link_":"https://br.investing.com/analysis/bom-dia-trader--2452021-200442138","source_name_":"Análises Técnicas","source_link_":"https://br.investing.com","pub_date_":"2021-05-24T10:26:00.000Z"},{"title_":"Aversão ao Risco e Juros Maiores nos EUA Prometem Tempos Difíceis pela Frente","link_":"https://br.investing.com/analysis/aversao-ao-risco-e-juros-maiores-nos-eua-prometem-tempos-dificeis-pela-frente-200442097","source_name_":"Análises Técnicas","source_link_":"https://br.investing.com","pub_date_":"2021-05-21T12:56:00.000Z"},{"title_":"Abertura do Mercado: Bolsas e Commodities Internacionais","link_":"https://br.investing.com/analysis/bom-dia-trader--21052021-200442095","source_name_":"Análises Técnicas","source_link_":"https://br.investing.com","pub_date_":"2021-05-21T09:56:00.000Z"},{"title_":"Bom Dia Trader: Bolsas e Commodities Globais","link_":"https://br.investing.com/analysis/bom-dia-trader-bdt--862021-200442459","source_name_":"Análises Técnicas","source_link_":"https://br.investing.com","pub_date_":"2021-06-08T10:37:00.000Z"},{"title_":"Livro Bege do Fed Alerta sobre Inflação e Escassez de Trabalhadores nos EUA","link_":"https://br.investing.com/analysis/livro-bege-do-fed-alerta-sobre-inflacao-e-escassez-de-trabalhadores-nos-eua-200442423","source_name_":"Análises Técnicas","source_link_":"https://br.investing.com","pub_date_":"2021-06-07T13:11:00.000Z"},{"title_":"Operações de Reflação Podem Estar com os Dias Contados","link_":"https://br.investing.com/analysis/operacoes-de-reflacao-podem-estar-com-os-dias-contados-200442382","source_name_":"Análises Técnicas","source_link_":"https://br.investing.com","pub_date_":"2021-06-04T12:36:00.000Z"},{"title_":"Bom Dia Trader (BDT): Retorno de Feriado e Payroll!","link_":"https://br.investing.com/analysis/bom-dia-trader-bdt--462021--retorno-de-feriado-e-payroll--200442384","source_name_":"Análises Técnicas","source_link_":"https://br.investing.com","pub_date_":"2021-06-04T10:59:00.000Z"},{"title_":"Bom Dia Trader! 28/5/2021","link_":"https://br.investing.com/analysis/bom-dia-trader-bdt--2852021-200442248","source_name_":"Análises Técnicas","source_link_":"https://br.investing.com","pub_date_":"2021-05-28T10:13:00.000Z"},{"title_":"Abertura de Mercado: Índices e Commodities Globais","link_":"https://br.investing.com/analysis/bom-dia-trader-bdt--2752021-200442223","source_name_":"Análises Técnicas","source_link_":"https://br.investing.com","pub_date_":"2021-05-27T10:31:00.000Z"},{"title_":"Abertura de Mercado: Bolsas e Commodities Internacionais","link_":"https://br.investing.com/analysis/bom-dia-trader-bdt--2552021-200442166","source_name_":"Análises Técnicas","source_link_":"https://br.investing.com","pub_date_":"2021-05-25T10:18:00.000Z"},{"title_":"Abertura do Mercado: Bolsas e Commodities Globais","link_":"https://br.investing.com/analysis/bom-dia-trader--2452021-200442138","source_name_":"Análises Técnicas","source_link_":"https://br.investing.com","pub_date_":"2021-05-24T10:26:00.000Z"},{"title_":"Aversão ao Risco e Juros Maiores nos EUA Prometem Tempos Difíceis pela Frente","link_":"https://br.investing.com/analysis/aversao-ao-risco-e-juros-maiores-nos-eua-prometem-tempos-dificeis-pela-frente-200442097","source_name_":"Análises Técnicas","source_link_":"https://br.investing.com","pub_date_":"2021-05-21T12:56:00.000Z"},{"title_":"Abertura do Mercado: Bolsas e Commodities Internacionais","link_":"https://br.investing.com/analysis/bom-dia-trader--21052021-200442095","source_name_":"Análises Técnicas","source_link_":"https://br.investing.com","pub_date_":"2021-05-21T09:56:00.000Z"},{"title_":"Bom Dia Trader: Bolsas e Commodities Globais","link_":"https://br.investing.com/analysis/bom-dia-trader-bdt--862021-200442459","source_name_":"Análises Técnicas","source_link_":"https://br.investing.com","pub_date_":"2021-06-08T10:37:00.000Z"},{"title_":"Livro Bege do Fed Alerta sobre Inflação e Escassez de Trabalhadores nos EUA","link_":"https://br.investing.com/analysis/livro-bege-do-fed-alerta-sobre-inflacao-e-escassez-de-trabalhadores-nos-eua-200442423","source_name_":"Análises Técnicas","source_link_":"https://br.investing.com","pub_date_":"2021-06-07T13:11:00.000Z"},{"title_":"Operações de Reflação Podem Estar com os Dias Contados","link_":"https://br.investing.com/analysis/operacoes-de-reflacao-podem-estar-com-os-dias-contados-200442382","source_name_":"Análises Técnicas","source_link_":"https://br.investing.com","pub_date_":"2021-06-04T12:36:00.000Z"},{"title_":"Bom Dia Trader (BDT): Retorno de Feriado e Payroll!","link_":"https://br.investing.com/analysis/bom-dia-trader-bdt--462021--retorno-de-feriado-e-payroll--200442384","source_name_":"Análises Técnicas","source_link_":"https://br.investing.com","pub_date_":"2021-06-04T10:59:00.000Z"},{"title_":"Bom Dia Trader! 28/5/2021","link_":"https://br.investing.com/analysis/bom-dia-trader-bdt--2852021-200442248","source_name_":"Análises Técnicas","source_link_":"https://br.investing.com","pub_date_":"2021-05-28T10:13:00.000Z"},{"title_":"Abertura de Mercado: Índices e Commodities Globais","link_":"https://br.investing.com/analysis/bom-dia-trader-bdt--2752021-200442223","source_name_":"Análises Técnicas","source_link_":"https://br.investing.com","pub_date_":"2021-05-27T10:31:00.000Z"},{"title_":"Abertura de Mercado: Bolsas e Commodities Internacionais","link_":"https://br.investing.com/analysis/bom-dia-trader-bdt--2552021-200442166","source_name_":"Análises Técnicas","source_link_":"https://br.investing.com","pub_date_":"2021-05-25T10:18:00.000Z"},{"title_":"Abertura do Mercado: Bolsas e Commodities Globais","link_":"https://br.investing.com/analysis/bom-dia-trader--2452021-200442138","source_name_":"Análises Técnicas","source_link_":"https://br.investing.com","pub_date_":"2021-05-24T10:26:00.000Z"},{"title_":"Aversão ao Risco e Juros Maiores nos EUA Prometem Tempos Difíceis pela Frente","link_":"https://br.investing.com/analysis/aversao-ao-risco-e-juros-maiores-nos-eua-prometem-tempos-dificeis-pela-frente-200442097","source_name_":"Análises Técnicas","source_link_":"https://br.investing.com","pub_date_":"2021-05-21T12:56:00.000Z"},{"title_":"Abertura do Mercado: Bolsas e Commodities Internacionais","link_":"https://br.investing.com/analysis/bom-dia-trader--21052021-200442095","source_name_":"Análises Técnicas","source_link_":"https://br.investing.com","pub_date_":"2021-05-21T09:56:00.000Z"},{"title_":"Bom Dia Trader: Bolsas e Commodities Globais","link_":"https://br.investing.com/analysis/bom-dia-trader-bdt--862021-200442459","source_name_":"Análises Técnicas","source_link_":"https://br.investing.com","pub_date_":"2021-06-08T10:37:00.000Z"},{"title_":"Livro Bege do Fed Alerta sobre Inflação e Escassez de Trabalhadores nos EUA","link_":"https://br.investing.com/analysis/livro-bege-do-fed-alerta-sobre-inflacao-e-escassez-de-trabalhadores-nos-eua-200442423","source_name_":"Análises Técnicas","source_link_":"https://br.investing.com","pub_date_":"2021-06-07T13:11:00.000Z"},{"title_":"Operações de Reflação Podem Estar com os Dias Contados","link_":"https://br.investing.com/analysis/operacoes-de-reflacao-podem-estar-com-os-dias-contados-200442382","source_name_":"Análises Técnicas","source_link_":"https://br.investing.com","pub_date_":"2021-06-04T12:36:00.000Z"},{"title_":"Bom Dia Trader (BDT): Retorno de Feriado e Payroll!","link_":"https://br.investing.com/analysis/bom-dia-trader-bdt--462021--retorno-de-feriado-e-payroll--200442384","source_name_":"Análises Técnicas","source_link_":"https://br.investing.com","pub_date_":"2021-06-04T10:59:00.000Z"},{"title_":"Bom Dia Trader! 28/5/2021","link_":"https://br.investing.com/analysis/bom-dia-trader-bdt--2852021-200442248","source_name_":"Análises Técnicas","source_link_":"https://br.investing.com","pub_date_":"2021-05-28T10:13:00.000Z"},{"title_":"Abertura de Mercado: Índices e Commodities Globais","link_":"https://br.investing.com/analysis/bom-dia-trader-bdt--2752021-200442223","source_name_":"Análises Técnicas","source_link_":"https://br.investing.com","pub_date_":"2021-05-27T10:31:00.000Z"},{"title_":"Abertura de Mercado: Bolsas e Commodities Internacionais","link_":"https://br.investing.com/analysis/bom-dia-trader-bdt--2552021-200442166","source_name_":"Análises Técnicas","source_link_":"https://br.investing.com","pub_date_":"2021-05-25T10:18:00.000Z"},{"title_":"Abertura do Mercado: Bolsas e Commodities Globais","link_":"https://br.investing.com/analysis/bom-dia-trader--2452021-200442138","source_name_":"Análises Técnicas","source_link_":"https://br.investing.com","pub_date_":"2021-05-24T10:26:00.000Z"},{"title_":"Aversão ao Risco e Juros Maiores nos EUA Prometem Tempos Difíceis pela Frente","link_":"https://br.investing.com/analysis/aversao-ao-risco-e-juros-maiores-nos-eua-prometem-tempos-dificeis-pela-frente-200442097","source_name_":"Análises Técnicas","source_link_":"https://br.investing.com","pub_date_":"2021-05-21T12:56:00.000Z"},{"title_":"Abertura do Mercado: Bolsas e Commodities Internacionais","link_":"https://br.investing.com/analysis/bom-dia-trader--21052021-200442095","source_name_":"Análises Técnicas","source_link_":"https://br.investing.com","pub_date_":"2021-05-21T09:56:00.000Z"},{"title_":"Bom Dia Trader: Bolsas e Commodities Globais","link_":"https://br.investing.com/analysis/bom-dia-trader-bdt--862021-200442459","source_name_":"Análises Técnicas","source_link_":"https://br.investing.com","pub_date_":"2021-06-08T10:37:00.000Z"},{"title_":"Livro Bege do Fed Alerta sobre Inflação e Escassez de Trabalhadores nos EUA","link_":"https://br.investing.com/analysis/livro-bege-do-fed-alerta-sobre-inflacao-e-escassez-de-trabalhadores-nos-eua-200442423","source_name_":"Análises Técnicas","source_link_":"https://br.investing.com","pub_date_":"2021-06-07T13:11:00.000Z"},{"title_":"Operações de Reflação Podem Estar com os Dias Contados","link_":"https://br.investing.com/analysis/operacoes-de-reflacao-podem-estar-com-os-dias-contados-200442382","source_name_":"Análises Técnicas","source_link_":"https://br.investing.com","pub_date_":"2021-06-04T12:36:00.000Z"},{"title_":"Bom Dia Trader (BDT): Retorno de Feriado e Payroll!","link_":"https://br.investing.com/analysis/bom-dia-trader-bdt--462021--retorno-de-feriado-e-payroll--200442384","source_name_":"Análises Técnicas","source_link_":"https://br.investing.com","pub_date_":"2021-06-04T10:59:00.000Z"},{"title_":"Bom Dia Trader! 28/5/2021","link_":"https://br.investing.com/analysis/bom-dia-trader-bdt--2852021-200442248","source_name_":"Análises Técnicas","source_link_":"https://br.investing.com","pub_date_":"2021-05-28T10:13:00.000Z"},{"title_":"Abertura de Mercado: Índices e Commodities Globais","link_":"https://br.investing.com/analysis/bom-dia-trader-bdt--2752021-200442223","source_name_":"Análises Técnicas","source_link_":"https://br.investing.com","pub_date_":"2021-05-27T10:31:00.000Z"},{"title_":"Abertura de Mercado: Bolsas e Commodities Internacionais","link_":"https://br.investing.com/analysis/bom-dia-trader-bdt--2552021-200442166","source_name_":"Análises Técnicas","source_link_":"https://br.investing.com","pub_date_":"2021-05-25T10:18:00.000Z"},{"title_":"Abertura do Mercado: Bolsas e Commodities Globais","link_":"https://br.investing.com/analysis/bom-dia-trader--2452021-200442138","source_name_":"Análises Técnicas","source_link_":"https://br.investing.com","pub_date_":"2021-05-24T10:26:00.000Z"},{"title_":"Aversão ao Risco e Juros Maiores nos EUA Prometem Tempos Difíceis pela Frente","link_":"https://br.investing.com/analysis/aversao-ao-risco-e-juros-maiores-nos-eua-prometem-tempos-dificeis-pela-frente-200442097","source_name_":"Análises Técnicas","source_link_":"https://br.investing.com","pub_date_":"2021-05-21T12:56:00.000Z"},{"title_":"Abertura do Mercado: Bolsas e Commodities Internacionais","link_":"https://br.investing.com/analysis/bom-dia-trader--21052021-200442095","source_name_":"Análises Técnicas","source_link_":"https://br.investing.com","pub_date_":"2021-05-21T09:56:00.000Z"},{"title_":"Bom Dia Trader: Bolsas e Commodities Globais","link_":"https://br.investing.com/analysis/bom-dia-trader-bdt--862021-200442459","source_name_":"Análises Técnicas","source_link_":"https://br.investing.com","pub_date_":"2021-06-08T10:37:00.000Z"},{"title_":"Livro Bege do Fed Alerta sobre Inflação e Escassez de Trabalhadores nos EUA","link_":"https://br.investing.com/analysis/livro-bege-do-fed-alerta-sobre-inflacao-e-escassez-de-trabalhadores-nos-eua-200442423","source_name_":"Análises Técnicas","source_link_":"https://br.investing.com","pub_date_":"2021-06-07T13:11:00.000Z"},{"title_":"Operações de Reflação Podem Estar com os Dias Contados","link_":"https://br.investing.com/analysis/operacoes-de-reflacao-podem-estar-com-os-dias-contados-200442382","source_name_":"Análises Técnicas","source_link_":"https://br.investing.com","pub_date_":"2021-06-04T12:36:00.000Z"},{"title_":"Bom Dia Trader (BDT): Retorno de Feriado e Payroll!","link_":"https://br.investing.com/analysis/bom-dia-trader-bdt--462021--retorno-de-feriado-e-payroll--200442384","source_name_":"Análises Técnicas","source_link_":"https://br.investing.com","pub_date_":"2021-06-04T10:59:00.000Z"},{"title_":"Bom Dia Trader! 28/5/2021","link_":"https://br.investing.com/analysis/bom-dia-trader-bdt--2852021-200442248","source_name_":"Análises Técnicas","source_link_":"https://br.investing.com","pub_date_":"2021-05-28T10:13:00.000Z"},{"title_":"Abertura de Mercado: Índices e Commodities Globais","link_":"https://br.investing.com/analysis/bom-dia-trader-bdt--2752021-200442223","source_name_":"Análises Técnicas","source_link_":"https://br.investing.com","pub_date_":"2021-05-27T10:31:00.000Z"},{"title_":"Abertura de Mercado: Bolsas e Commodities Internacionais","link_":"https://br.investing.com/analysis/bom-dia-trader-bdt--2552021-200442166","source_name_":"Análises Técnicas","source_link_":"https://br.investing.com","pub_date_":"2021-05-25T10:18:00.000Z"},{"title_":"Abertura do Mercado: Bolsas e Commodities Globais","link_":"https://br.investing.com/analysis/bom-dia-trader--2452021-200442138","source_name_":"Análises Técnicas","source_link_":"https://br.investing.com","pub_date_":"2021-05-24T10:26:00.000Z"},{"title_":"Aversão ao Risco e Juros Maiores nos EUA Prometem Tempos Difíceis pela Frente","link_":"https://br.investing.com/analysis/aversao-ao-risco-e-juros-maiores-nos-eua-prometem-tempos-dificeis-pela-frente-200442097","source_name_":"Análises Técnicas","source_link_":"https://br.investing.com","pub_date_":"2021-05-21T12:56:00.000Z"},{"title_":"Abertura do Mercado: Bolsas e Commodities Internacionais","link_":"https://br.investing.com/analysis/bom-dia-trader--21052021-200442095","source_name_":"Análises Técnicas","source_link_":"https://br.investing.com","pub_date_":"2021-05-21T09:56:00.000Z"},{"title_":"Bom Dia Trader: Bolsas e Commodities Globais","link_":"https://br.investing.com/analysis/bom-dia-trader-bdt--862021-200442459","source_name_":"Análises Técnicas","source_link_":"https://br.investing.com","pub_date_":"2021-06-08T10:37:00.000Z"},{"title_":"Livro Bege do Fed Alerta sobre Inflação e Escassez de Trabalhadores nos EUA","link_":"https://br.investing.com/analysis/livro-bege-do-fed-alerta-sobre-inflacao-e-escassez-de-trabalhadores-nos-eua-200442423","source_name_":"Análises Técnicas","source_link_":"https://br.investing.com","pub_date_":"2021-06-07T13:11:00.000Z"},{"title_":"Operações de Reflação Podem Estar com os Dias Contados","link_":"https://br.investing.com/analysis/operacoes-de-reflacao-podem-estar-com-os-dias-contados-200442382","source_name_":"Análises Técnicas","source_link_":"https://br.investing.com","pub_date_":"2021-06-04T12:36:00.000Z"},{"title_":"Bom Dia Trader (BDT): Retorno de Feriado e Payroll!","link_":"https://br.investing.com/analysis/bom-dia-trader-bdt--462021--retorno-de-feriado-e-payroll--200442384","source_name_":"Análises Técnicas","source_link_":"https://br.investing.com","pub_date_":"2021-06-04T10:59:00.000Z"},{"title_":"Bom Dia Trader! 28/5/2021","link_":"https://br.investing.com/analysis/bom-dia-trader-bdt--2852021-200442248","source_name_":"Análises Técnicas","source_link_":"https://br.investing.com","pub_date_":"2021-05-28T10:13:00.000Z"},{"title_":"Abertura de Mercado: Índices e Commodities Globais","link_":"https://br.investing.com/analysis/bom-dia-trader-bdt--2752021-200442223","source_name_":"Análises Técnicas","source_link_":"https://br.investing.com","pub_date_":"2021-05-27T10:31:00.000Z"},{"title_":"Abertura de Mercado: Bolsas e Commodities Internacionais","link_":"https://br.investing.com/analysis/bom-dia-trader-bdt--2552021-200442166","source_name_":"Análises Técnicas","source_link_":"https://br.investing.com","pub_date_":"2021-05-25T10:18:00.000Z"},{"title_":"Abertura do Mercado: Bolsas e Commodities Globais","link_":"https://br.investing.com/analysis/bom-dia-trader--2452021-200442138","source_name_":"Análises Técnicas","source_link_":"https://br.investing.com","pub_date_":"2021-05-24T10:26:00.000Z"},{"title_":"Aversão ao Risco e Juros Maiores nos EUA Prometem Tempos Difíceis pela Frente","link_":"https://br.investing.com/analysis/aversao-ao-risco-e-juros-maiores-nos-eua-prometem-tempos-dificeis-pela-frente-200442097","source_name_":"Análises Técnicas","source_link_":"https://br.investing.com","pub_date_":"2021-05-21T12:56:00.000Z"},{"title_":"Abertura do Mercado: Bolsas e Commodities Internacionais","link_":"https://br.investing.com/analysis/bom-dia-trader--21052021-200442095","source_name_":"Análises Técnicas","source_link_":"https://br.investing.com","pub_date_":"2021-05-21T09:56:00.000Z"},{"title_":"Bom Dia Trader: Bolsas e Commodities Globais","link_":"https://br.investing.com/analysis/bom-dia-trader-bdt--862021-200442459","source_name_":"Análises Técnicas","source_link_":"https://br.investing.com","pub_date_":"2021-06-08T10:37:00.000Z"},{"title_":"Livro Bege do Fed Alerta sobre Inflação e Escassez de Trabalhadores nos EUA","link_":"https://br.investing.com/analysis/livro-bege-do-fed-alerta-sobre-inflacao-e-escassez-de-trabalhadores-nos-eua-200442423","source_name_":"Análises Técnicas","source_link_":"https://br.investing.com","pub_date_":"2021-06-07T13:11:00.000Z"},{"title_":"Operações de Reflação Podem Estar com os Dias Contados","link_":"https://br.investing.com/analysis/operacoes-de-reflacao-podem-estar-com-os-dias-contados-200442382","source_name_":"Análises Técnicas","source_link_":"https://br.investing.com","pub_date_":"2021-06-04T12:36:00.000Z"},{"title_":"Bom Dia Trader (BDT): Retorno de Feriado e Payroll!","link_":"https://br.investing.com/analysis/bom-dia-trader-bdt--462021--retorno-de-feriado-e-payroll--200442384","source_name_":"Análises Técnicas","source_link_":"https://br.investing.com","pub_date_":"2021-06-04T10:59:00.000Z"},{"title_":"Bom Dia Trader! 28/5/2021","link_":"https://br.investing.com/analysis/bom-dia-trader-bdt--2852021-200442248","source_name_":"Análises Técnicas","source_link_":"https://br.investing.com","pub_date_":"2021-05-28T10:13:00.000Z"},{"title_":"Abertura de Mercado: Índices e Commodities Globais","link_":"https://br.investing.com/analysis/bom-dia-trader-bdt--2752021-200442223","source_name_":"Análises Técnicas","source_link_":"https://br.investing.com","pub_date_":"2021-05-27T10:31:00.000Z"},{"title_":"Abertura de Mercado: Bolsas e Commodities Internacionais","link_":"https://br.investing.com/analysis/bom-dia-trader-bdt--2552021-200442166","source_name_":"Análises Técnicas","source_link_":"https://br.investing.com","pub_date_":"2021-05-25T10:18:00.000Z"},{"title_":"Abertura do Mercado: Bolsas e Commodities Globais","link_":"https://br.investing.com/analysis/bom-dia-trader--2452021-200442138","source_name_":"Análises Técnicas","source_link_":"https://br.investing.com","pub_date_":"2021-05-24T10:26:00.000Z"},{"title_":"Aversão ao Risco e Juros Maiores nos EUA Prometem Tempos Difíceis pela Frente","link_":"https://br.investing.com/analysis/aversao-ao-risco-e-juros-maiores-nos-eua-prometem-tempos-dificeis-pela-frente-200442097","source_name_":"Análises Técnicas","source_link_":"https://br.investing.com","pub_date_":"2021-05-21T12:56:00.000Z"},{"title_":"Abertura do Mercado: Bolsas e Commodities Internacionais","link_":"https://br.investing.com/analysis/bom-dia-trader--21052021-200442095","source_name_":"Análises Técnicas","source_link_":"https://br.investing.com","pub_date_":"2021-05-21T09:56:00.000Z"},{"title_":"Bom Dia Trader: Bolsas e Commodities Globais","link_":"https://br.investing.com/analysis/bom-dia-trader-bdt--862021-200442459","source_name_":"Análises Técnicas","source_link_":"https://br.investing.com","pub_date_":"2021-06-08T10:37:00.000Z"},{"title_":"Livro Bege do Fed Alerta sobre Inflação e Escassez de Trabalhadores nos EUA","link_":"https://br.investing.com/analysis/livro-bege-do-fed-alerta-sobre-inflacao-e-escassez-de-trabalhadores-nos-eua-200442423","source_name_":"Análises Técnicas","source_link_":"https://br.investing.com","pub_date_":"2021-06-07T13:11:00.000Z"},{"title_":"Operações de Reflação Podem Estar com os Dias Contados","link_":"https://br.investing.com/analysis/operacoes-de-reflacao-podem-estar-com-os-dias-contados-200442382","source_name_":"Análises Técnicas","source_link_":"https://br.investing.com","pub_date_":"2021-06-04T12:36:00.000Z"},{"title_":"Bom Dia Trader (BDT): Retorno de Feriado e Payroll!","link_":"https://br.investing.com/analysis/bom-dia-trader-bdt--462021--retorno-de-feriado-e-payroll--200442384","source_name_":"Análises Técnicas","source_link_":"https://br.investing.com","pub_date_":"2021-06-04T10:59:00.000Z"},{"title_":"Bom Dia Trader! 28/5/2021","link_":"https://br.investing.com/analysis/bom-dia-trader-bdt--2852021-200442248","source_name_":"Análises Técnicas","source_link_":"https://br.investing.com","pub_date_":"2021-05-28T10:13:00.000Z"},{"title_":"Abertura de Mercado: Índices e Commodities Globais","link_":"https://br.investing.com/analysis/bom-dia-trader-bdt--2752021-200442223","source_name_":"Análises Técnicas","source_link_":"https://br.investing.com","pub_date_":"2021-05-27T10:31:00.000Z"},{"title_":"Abertura de Mercado: Bolsas e Commodities Internacionais","link_":"https://br.investing.com/analysis/bom-dia-trader-bdt--2552021-200442166","source_name_":"Análises Técnicas","source_link_":"https://br.investing.com","pub_date_":"2021-05-25T10:18:00.000Z"},{"title_":"Abertura do Mercado: Bolsas e Commodities Globais","link_":"https://br.investing.com/analysis/bom-dia-trader--2452021-200442138","source_name_":"Análises Técnicas","source_link_":"https://br.investing.com","pub_date_":"2021-05-24T10:26:00.000Z"},{"title_":"Aversão ao Risco e Juros Maiores nos EUA Prometem Tempos Difíceis pela Frente","link_":"https://br.investing.com/analysis/aversao-ao-risco-e-juros-maiores-nos-eua-prometem-tempos-dificeis-pela-frente-200442097","source_name_":"Análises Técnicas","source_link_":"https://br.investing.com","pub_date_":"2021-05-21T12:56:00.000Z"},{"title_":"Abertura do Mercado: Bolsas e Commodities Internacionais","link_":"https://br.investing.com/analysis/bom-dia-trader--21052021-200442095","source_name_":"Análises Técnicas","source_link_":"https://br.investing.com","pub_date_":"2021-05-21T09:56:00.000Z"},{"title_":"Bom Dia Trader: Bolsas e Commodities Globais","link_":"https://br.investing.com/analysis/bom-dia-trader-bdt--862021-200442459","source_name_":"Análises Técnicas","source_link_":"https://br.investing.com","pub_date_":"2021-06-08T10:37:00.000Z"},{"title_":"Livro Bege do Fed Alerta sobre Inflação e Escassez de Trabalhadores nos EUA","link_":"https://br.investing.com/analysis/livro-bege-do-fed-alerta-sobre-inflacao-e-escassez-de-trabalhadores-nos-eua-200442423","source_name_":"Análises Técnicas","source_link_":"https://br.investing.com","pub_date_":"2021-06-07T13:11:00.000Z"},{"title_":"Operações de Reflação Podem Estar com os Dias Contados","link_":"https://br.investing.com/analysis/operacoes-de-reflacao-podem-estar-com-os-dias-contados-200442382","source_name_":"Análises Técnicas","source_link_":"https://br.investing.com","pub_date_":"2021-06-04T12:36:00.000Z"},{"title_":"Bom Dia Trader (BDT): Retorno de Feriado e Payroll!","link_":"https://br.investing.com/analysis/bom-dia-trader-bdt--462021--retorno-de-feriado-e-payroll--200442384","source_name_":"Análises Técnicas","source_link_":"https://br.investing.com","pub_date_":"2021-06-04T10:59:00.000Z"},{"title_":"Bom Dia Trader! 28/5/2021","link_":"https://br.investing.com/analysis/bom-dia-trader-bdt--2852021-200442248","source_name_":"Análises Técnicas","source_link_":"https://br.investing.com","pub_date_":"2021-05-28T10:13:00.000Z"},{"title_":"Abertura de Mercado: Índices e Commodities Globais","link_":"https://br.investing.com/analysis/bom-dia-trader-bdt--2752021-200442223","source_name_":"Análises Técnicas","source_link_":"https://br.investing.com","pub_date_":"2021-05-27T10:31:00.000Z"},{"title_":"Abertura de Mercado: Bolsas e Commodities Internacionais","link_":"https://br.investing.com/analysis/bom-dia-trader-bdt--2552021-200442166","source_name_":"Análises Técnicas","source_link_":"https://br.investing.com","pub_date_":"2021-05-25T10:18:00.000Z"},{"title_":"Abertura do Mercado: Bolsas e Commodities Globais","link_":"https://br.investing.com/analysis/bom-dia-trader--2452021-200442138","source_name_":"Análises Técnicas","source_link_":"https://br.investing.com","pub_date_":"2021-05-24T10:26:00.000Z"},{"title_":"Aversão ao Risco e Juros Maiores nos EUA Prometem Tempos Difíceis pela Frente","link_":"https://br.investing.com/analysis/aversao-ao-risco-e-juros-maiores-nos-eua-prometem-tempos-dificeis-pela-frente-200442097","source_name_":"Análises Técnicas","source_link_":"https://br.investing.com","pub_date_":"2021-05-21T12:56:00.000Z"},{"title_":"Abertura do Mercado: Bolsas e Commodities Internacionais","link_":"https://br.investing.com/analysis/bom-dia-trader--21052021-200442095","source_name_":"Análises Técnicas","source_link_":"https://br.investing.com","pub_date_":"2021-05-21T09:56:00.000Z"},{"title_":"Bom Dia Trader: Bolsas e Commodities Globais","link_":"https://br.investing.com/analysis/bom-dia-trader-bdt--862021-200442459","source_name_":"Análises Técnicas","source_link_":"https://br.investing.com","pub_date_":"2021-06-08T10:37:00.000Z"},{"title_":"Livro Bege do Fed Alerta sobre Inflação e Escassez de Trabalhadores nos EUA","link_":"https://br.investing.com/analysis/livro-bege-do-fed-alerta-sobre-inflacao-e-escassez-de-trabalhadores-nos-eua-200442423","source_name_":"Análises Técnicas","source_link_":"https://br.investing.com","pub_date_":"2021-06-07T13:11:00.000Z"},{"title_":"Operações de Reflação Podem Estar com os Dias Contados","link_":"https://br.investing.com/analysis/operacoes-de-reflacao-podem-estar-com-os-dias-contados-200442382","source_name_":"Análises Técnicas","source_link_":"https://br.investing.com","pub_date_":"2021-06-04T12:36:00.000Z"},{"title_":"Bom Dia Trader (BDT): Retorno de Feriado e Payroll!","link_":"https://br.investing.com/analysis/bom-dia-trader-bdt--462021--retorno-de-feriado-e-payroll--200442384","source_name_":"Análises Técnicas","source_link_":"https://br.investing.com","pub_date_":"2021-06-04T10:59:00.000Z"},{"title_":"Bom Dia Trader! 28/5/2021","link_":"https://br.investing.com/analysis/bom-dia-trader-bdt--2852021-200442248","source_name_":"Análises Técnicas","source_link_":"https://br.investing.com","pub_date_":"2021-05-28T10:13:00.000Z"},{"title_":"Abertura de Mercado: Índices e Commodities Globais","link_":"https://br.investing.com/analysis/bom-dia-trader-bdt--2752021-200442223","source_name_":"Análises Técnicas","source_link_":"https://br.investing.com","pub_date_":"2021-05-27T10:31:00.000Z"},{"title_":"Abertura de Mercado: Bolsas e Commodities Internacionais","link_":"https://br.investing.com/analysis/bom-dia-trader-bdt--2552021-200442166","source_name_":"Análises Técnicas","source_link_":"https://br.investing.com","pub_date_":"2021-05-25T10:18:00.000Z"},{"title_":"Abertura do Mercado: Bolsas e Commodities Globais","link_":"https://br.investing.com/analysis/bom-dia-trader--2452021-200442138","source_name_":"Análises Técnicas","source_link_":"https://br.investing.com","pub_date_":"2021-05-24T10:26:00.000Z"},{"title_":"Aversão ao Risco e Juros Maiores nos EUA Prometem Tempos Difíceis pela Frente","link_":"https://br.investing.com/analysis/aversao-ao-risco-e-juros-maiores-nos-eua-prometem-tempos-dificeis-pela-frente-200442097","source_name_":"Análises Técnicas","source_link_":"https://br.investing.com","pub_date_":"2021-05-21T12:56:00.000Z"},{"title_":"Abertura do Mercado: Bolsas e Commodities Internacionais","link_":"https://br.investing.com/analysis/bom-dia-trader--21052021-200442095","source_name_":"Análises Técnicas","source_link_":"https://br.investing.com","pub_date_":"2021-05-21T09:56:00.000Z"},{"title_":"Bom Dia Trader  (BDT): Compasso de Espera pela Super-Quarta!","link_":"https://br.investing.com/analysis/bom-dia-trader--bdt--15062021--compasso-de-espera-pela-super-quarta--200442626","source_name_":"Análises Técnicas","source_type_":1,"source_link_":"https://br.investing.com","pub_date_":"2021-06-15T10:16:00.000Z"},{"title_":"5 Riscos da Bolsa e Como Lucrar com Isso","link_":"https://br.investing.com/analysis/5-riscos-da-bolsa-e-como-lucrar-com-isso-200442584","source_name_":"Análises Técnicas","source_type_":1,"source_link_":"https://br.investing.com","pub_date_":"2021-06-14T13:16:00.000Z"},{"title_":"Bom dia Trader: Commodities e Bolsas Globais","link_":"https://br.investing.com/analysis/bom-dia-trader-bdt--14062021-200442589","source_name_":"Análises Técnicas","source_type_":1,"source_link_":"https://br.investing.com","pub_date_":"2021-06-14T09:27:00.000Z"},{"title_":"Bom Dia Trader (11/06/2021)","link_":"https://br.investing.com/analysis/bom-dia-trader-bdt--11062021-200442550","source_name_":"Análises Técnicas","source_type_":1,"source_link_":"https://br.investing.com","pub_date_":"2021-06-11T09:41:00.000Z"},{"title_":"Abertura de Mercado (10/06/2021)","link_":"https://br.investing.com/analysis/abertura-de-mercado-10062021-200442523","source_name_":"Análises Técnicas","source_type_":1,"source_link_":"https://br.investing.com","pub_date_":"2021-06-10T10:41:00.000Z"},{"title_":"Bom dia trader (BDT) ! 10/6/2021 - taxa de juros na Europa, CONAB e USDA !","link_":"https://br.investing.com/analysis/bom-dia-trader-bdt--1062021--taxa-de-juros-na-europa-conab-e-usda--200442522","source_name_":"Análises Técnicas","source_type_":1,"source_link_":"https://br.investing.com","pub_date_":"2021-06-10T10:32:00.000Z"},{"title_":"Abertura dos Mercados (09/06/2021","link_":"https://br.investing.com/analysis/abertura-dos-mercados-09062021-200442491","source_name_":"Análises Técnicas","source_type_":1,"source_link_":"https://br.investing.com","pub_date_":"2021-06-09T14:57:00.000Z"},{"title_":"Bom Dia Trader (BDT) - 9/6/2021","link_":"https://br.investing.com/analysis/bom-dia-trader-bdt--962021-200442489","source_name_":"Análises Técnicas","source_type_":1,"source_link_":"https://br.investing.com","pub_date_":"2021-06-09T10:13:00.000Z"},{"title_":"Bom Dia Trader: Bolsas e Commodities Globais","link_":"https://br.investing.com/analysis/bom-dia-trader-bdt--862021-200442459","source_name_":"Análises Técnicas","source_type_":1,"source_link_":"https://br.investing.com","pub_date_":"2021-06-08T10:37:00.000Z"},{"title_":"Livro Bege do Fed Alerta sobre Inflação e Escassez de Trabalhadores nos EUA","link_":"https://br.investing.com/analysis/livro-bege-do-fed-alerta-sobre-inflacao-e-escassez-de-trabalhadores-nos-eua-200442423","source_name_":"Análises Técnicas","source_type_":1,"source_link_":"https://br.investing.com","pub_date_":"2021-06-07T13:11:00.000Z"}]