[{"title_":"Abertura Sem Rumo e Mercados Preocupados com Maiores Impostos Globais","link_":"https://br.investing.com/analysis/abertura-sem-rumo-e-mercados-preocupados-com-maiores-impostos-globais-200442460","source_name_":"Análises Fundamentalistas","source_link_":"https://br.investing.com","pub_date_":"2021-06-08T10:56:00.000Z"},{"title_":"Livro Bege do Fed Alerta sobre Inflação e Escassez de Trabalhadores nos EUA","link_":"https://br.investing.com/analysis/livro-bege-do-fed-alerta-sobre-inflacao-e-escassez-de-trabalhadores-nos-eua-200442423","source_name_":"Análises Fundamentalistas","source_link_":"https://br.investing.com","pub_date_":"2021-06-07T13:11:00.000Z"},{"title_":"Semana Inicia Sem Rumo com Agenda Local Pesada, Destaque ao IPCA e CPI nos EUA","link_":"https://br.investing.com/analysis/semana-inicia-sem-rumo-com-agenda-local-pesada-destaque-ao-ipca-e-cpi-nos-eua-200442426","source_name_":"Análises Fundamentalistas","source_link_":"https://br.investing.com","pub_date_":"2021-06-07T10:58:00.000Z"},{"title_":"Aberturas Negativas e o Mercado de Volta ao: \"Dado Bom, Mercado Ruim\"","link_":"https://br.investing.com/analysis/aberturas-negativas-e-o-mercado-de-volta-ao-dado-bom-mercado-ruim-200442385","source_name_":"Análises Fundamentalistas","source_link_":"https://br.investing.com","pub_date_":"2021-06-04T11:01:00.000Z"},{"title_":"Abertura Sem Rumo e PIB Descola Mercado Local","link_":"https://br.investing.com/analysis/abertura-sem-rumo-e-pib-descola-mercado-local-200442344","source_name_":"Análises Fundamentalistas","source_link_":"https://br.investing.com","pub_date_":"2021-06-02T11:08:00.000Z"},{"title_":"Maio Foi Marcado pelo Otimismo nos Mercados, Mas Ações Precisam de Novos Suportes","link_":"https://br.investing.com/analysis/maio-foi-marcado-pelo-otimismo-nos-mercados-mas-acoes-precisam-de-novos-suportes-200442318","source_name_":"Análises Fundamentalistas","source_link_":"https://br.investing.com","pub_date_":"2021-06-01T17:32:00.000Z"},{"title_":"Aberturas Positivas com Retorno de NY e em Dia de PIB e Balança Comercial","link_":"https://br.investing.com/analysis/aberturas-positivas-com-retorno-de-ny-e-em-dia-de-pib-e-balanca-comercial-200442311","source_name_":"Análises Fundamentalistas","source_link_":"https://br.investing.com","pub_date_":"2021-06-01T10:59:00.000Z"},{"title_":"Fed: Pressão Inflacionária Já Gera Rumores de Redução do Afrouxo Monetário","link_":"https://br.investing.com/analysis/fed-pressao-inflacionaria-ja-gera-rumores-de-reducao-do-afrouxo-monetario-200442283","source_name_":"Análises Fundamentalistas","source_link_":"https://br.investing.com","pub_date_":"2021-05-31T12:43:00.000Z"},{"title_":"Mercado Sem Referencial dos EUA na Abertura e Plano Inflacionário de Biden","link_":"https://br.investing.com/analysis/mercado-sem-referencial-dos-eua-na-abertura-e-plano-inflacionario-de-biden-200442286","source_name_":"Análises Fundamentalistas","source_link_":"https://br.investing.com","pub_date_":"2021-05-31T11:09:00.000Z"},{"title_":"Aberturas Positivas com Atenção ao PCE e Inflação no Brasil","link_":"https://br.investing.com/analysis/aberturas-positivas-com-atencao-ao-pce-e-inflacao-no-brasil-200442250","source_name_":"Análises Fundamentalistas","source_link_":"https://br.investing.com","pub_date_":"2021-05-28T11:06:00.000Z"},{"title_":"Abertura Sem Rumo e Mercados Preocupados com Maiores Impostos Globais","link_":"https://br.investing.com/analysis/abertura-sem-rumo-e-mercados-preocupados-com-maiores-impostos-globais-200442460","source_name_":"Análises Fundamentalistas","source_link_":"https://br.investing.com","pub_date_":"2021-06-08T10:56:00.000Z"},{"title_":"Livro Bege do Fed Alerta sobre Inflação e Escassez de Trabalhadores nos EUA","link_":"https://br.investing.com/analysis/livro-bege-do-fed-alerta-sobre-inflacao-e-escassez-de-trabalhadores-nos-eua-200442423","source_name_":"Análises Fundamentalistas","source_link_":"https://br.investing.com","pub_date_":"2021-06-07T13:11:00.000Z"},{"title_":"Semana Inicia Sem Rumo com Agenda Local Pesada, Destaque ao IPCA e CPI nos EUA","link_":"https://br.investing.com/analysis/semana-inicia-sem-rumo-com-agenda-local-pesada-destaque-ao-ipca-e-cpi-nos-eua-200442426","source_name_":"Análises Fundamentalistas","source_link_":"https://br.investing.com","pub_date_":"2021-06-07T10:58:00.000Z"},{"title_":"Aberturas Negativas e o Mercado de Volta ao: \"Dado Bom, Mercado Ruim\"","link_":"https://br.investing.com/analysis/aberturas-negativas-e-o-mercado-de-volta-ao-dado-bom-mercado-ruim-200442385","source_name_":"Análises Fundamentalistas","source_link_":"https://br.investing.com","pub_date_":"2021-06-04T11:01:00.000Z"},{"title_":"Abertura Sem Rumo e PIB Descola Mercado Local","link_":"https://br.investing.com/analysis/abertura-sem-rumo-e-pib-descola-mercado-local-200442344","source_name_":"Análises Fundamentalistas","source_link_":"https://br.investing.com","pub_date_":"2021-06-02T11:08:00.000Z"},{"title_":"Maio Foi Marcado pelo Otimismo nos Mercados, Mas Ações Precisam de Novos Suportes","link_":"https://br.investing.com/analysis/maio-foi-marcado-pelo-otimismo-nos-mercados-mas-acoes-precisam-de-novos-suportes-200442318","source_name_":"Análises Fundamentalistas","source_link_":"https://br.investing.com","pub_date_":"2021-06-01T17:32:00.000Z"},{"title_":"Aberturas Positivas com Retorno de NY e em Dia de PIB e Balança Comercial","link_":"https://br.investing.com/analysis/aberturas-positivas-com-retorno-de-ny-e-em-dia-de-pib-e-balanca-comercial-200442311","source_name_":"Análises Fundamentalistas","source_link_":"https://br.investing.com","pub_date_":"2021-06-01T10:59:00.000Z"},{"title_":"Fed: Pressão Inflacionária Já Gera Rumores de Redução do Afrouxo Monetário","link_":"https://br.investing.com/analysis/fed-pressao-inflacionaria-ja-gera-rumores-de-reducao-do-afrouxo-monetario-200442283","source_name_":"Análises Fundamentalistas","source_link_":"https://br.investing.com","pub_date_":"2021-05-31T12:43:00.000Z"},{"title_":"Mercado Sem Referencial dos EUA na Abertura e Plano Inflacionário de Biden","link_":"https://br.investing.com/analysis/mercado-sem-referencial-dos-eua-na-abertura-e-plano-inflacionario-de-biden-200442286","source_name_":"Análises Fundamentalistas","source_link_":"https://br.investing.com","pub_date_":"2021-05-31T11:09:00.000Z"},{"title_":"Aberturas Positivas com Atenção ao PCE e Inflação no Brasil","link_":"https://br.investing.com/analysis/aberturas-positivas-com-atencao-ao-pce-e-inflacao-no-brasil-200442250","source_name_":"Análises Fundamentalistas","source_link_":"https://br.investing.com","pub_date_":"2021-05-28T11:06:00.000Z"},{"title_":"Abertura Sem Rumo e Mercados Preocupados com Maiores Impostos Globais","link_":"https://br.investing.com/analysis/abertura-sem-rumo-e-mercados-preocupados-com-maiores-impostos-globais-200442460","source_name_":"Análises Fundamentalistas","source_link_":"https://br.investing.com","pub_date_":"2021-06-08T10:56:00.000Z"},{"title_":"Livro Bege do Fed Alerta sobre Inflação e Escassez de Trabalhadores nos EUA","link_":"https://br.investing.com/analysis/livro-bege-do-fed-alerta-sobre-inflacao-e-escassez-de-trabalhadores-nos-eua-200442423","source_name_":"Análises Fundamentalistas","source_link_":"https://br.investing.com","pub_date_":"2021-06-07T13:11:00.000Z"},{"title_":"Semana Inicia Sem Rumo com Agenda Local Pesada, Destaque ao IPCA e CPI nos EUA","link_":"https://br.investing.com/analysis/semana-inicia-sem-rumo-com-agenda-local-pesada-destaque-ao-ipca-e-cpi-nos-eua-200442426","source_name_":"Análises Fundamentalistas","source_link_":"https://br.investing.com","pub_date_":"2021-06-07T10:58:00.000Z"},{"title_":"Aberturas Negativas e o Mercado de Volta ao: \"Dado Bom, Mercado Ruim\"","link_":"https://br.investing.com/analysis/aberturas-negativas-e-o-mercado-de-volta-ao-dado-bom-mercado-ruim-200442385","source_name_":"Análises Fundamentalistas","source_link_":"https://br.investing.com","pub_date_":"2021-06-04T11:01:00.000Z"},{"title_":"Abertura Sem Rumo e PIB Descola Mercado Local","link_":"https://br.investing.com/analysis/abertura-sem-rumo-e-pib-descola-mercado-local-200442344","source_name_":"Análises Fundamentalistas","source_link_":"https://br.investing.com","pub_date_":"2021-06-02T11:08:00.000Z"},{"title_":"Maio Foi Marcado pelo Otimismo nos Mercados, Mas Ações Precisam de Novos Suportes","link_":"https://br.investing.com/analysis/maio-foi-marcado-pelo-otimismo-nos-mercados-mas-acoes-precisam-de-novos-suportes-200442318","source_name_":"Análises Fundamentalistas","source_link_":"https://br.investing.com","pub_date_":"2021-06-01T17:32:00.000Z"},{"title_":"Aberturas Positivas com Retorno de NY e em Dia de PIB e Balança Comercial","link_":"https://br.investing.com/analysis/aberturas-positivas-com-retorno-de-ny-e-em-dia-de-pib-e-balanca-comercial-200442311","source_name_":"Análises Fundamentalistas","source_link_":"https://br.investing.com","pub_date_":"2021-06-01T10:59:00.000Z"},{"title_":"Fed: Pressão Inflacionária Já Gera Rumores de Redução do Afrouxo Monetário","link_":"https://br.investing.com/analysis/fed-pressao-inflacionaria-ja-gera-rumores-de-reducao-do-afrouxo-monetario-200442283","source_name_":"Análises Fundamentalistas","source_link_":"https://br.investing.com","pub_date_":"2021-05-31T12:43:00.000Z"},{"title_":"Mercado Sem Referencial dos EUA na Abertura e Plano Inflacionário de Biden","link_":"https://br.investing.com/analysis/mercado-sem-referencial-dos-eua-na-abertura-e-plano-inflacionario-de-biden-200442286","source_name_":"Análises Fundamentalistas","source_link_":"https://br.investing.com","pub_date_":"2021-05-31T11:09:00.000Z"},{"title_":"Aberturas Positivas com Atenção ao PCE e Inflação no Brasil","link_":"https://br.investing.com/analysis/aberturas-positivas-com-atencao-ao-pce-e-inflacao-no-brasil-200442250","source_name_":"Análises Fundamentalistas","source_link_":"https://br.investing.com","pub_date_":"2021-05-28T11:06:00.000Z"},{"title_":"Abertura Sem Rumo e Mercados Preocupados com Maiores Impostos Globais","link_":"https://br.investing.com/analysis/abertura-sem-rumo-e-mercados-preocupados-com-maiores-impostos-globais-200442460","source_name_":"Análises Fundamentalistas","source_link_":"https://br.investing.com","pub_date_":"2021-06-08T10:56:00.000Z"},{"title_":"Livro Bege do Fed Alerta sobre Inflação e Escassez de Trabalhadores nos EUA","link_":"https://br.investing.com/analysis/livro-bege-do-fed-alerta-sobre-inflacao-e-escassez-de-trabalhadores-nos-eua-200442423","source_name_":"Análises Fundamentalistas","source_link_":"https://br.investing.com","pub_date_":"2021-06-07T13:11:00.000Z"},{"title_":"Semana Inicia Sem Rumo com Agenda Local Pesada, Destaque ao IPCA e CPI nos EUA","link_":"https://br.investing.com/analysis/semana-inicia-sem-rumo-com-agenda-local-pesada-destaque-ao-ipca-e-cpi-nos-eua-200442426","source_name_":"Análises Fundamentalistas","source_link_":"https://br.investing.com","pub_date_":"2021-06-07T10:58:00.000Z"},{"title_":"Aberturas Negativas e o Mercado de Volta ao: \"Dado Bom, Mercado Ruim\"","link_":"https://br.investing.com/analysis/aberturas-negativas-e-o-mercado-de-volta-ao-dado-bom-mercado-ruim-200442385","source_name_":"Análises Fundamentalistas","source_link_":"https://br.investing.com","pub_date_":"2021-06-04T11:01:00.000Z"},{"title_":"Abertura Sem Rumo e PIB Descola Mercado Local","link_":"https://br.investing.com/analysis/abertura-sem-rumo-e-pib-descola-mercado-local-200442344","source_name_":"Análises Fundamentalistas","source_link_":"https://br.investing.com","pub_date_":"2021-06-02T11:08:00.000Z"},{"title_":"Maio Foi Marcado pelo Otimismo nos Mercados, Mas Ações Precisam de Novos Suportes","link_":"https://br.investing.com/analysis/maio-foi-marcado-pelo-otimismo-nos-mercados-mas-acoes-precisam-de-novos-suportes-200442318","source_name_":"Análises Fundamentalistas","source_link_":"https://br.investing.com","pub_date_":"2021-06-01T17:32:00.000Z"},{"title_":"Aberturas Positivas com Retorno de NY e em Dia de PIB e Balança Comercial","link_":"https://br.investing.com/analysis/aberturas-positivas-com-retorno-de-ny-e-em-dia-de-pib-e-balanca-comercial-200442311","source_name_":"Análises Fundamentalistas","source_link_":"https://br.investing.com","pub_date_":"2021-06-01T10:59:00.000Z"},{"title_":"Fed: Pressão Inflacionária Já Gera Rumores de Redução do Afrouxo Monetário","link_":"https://br.investing.com/analysis/fed-pressao-inflacionaria-ja-gera-rumores-de-reducao-do-afrouxo-monetario-200442283","source_name_":"Análises Fundamentalistas","source_link_":"https://br.investing.com","pub_date_":"2021-05-31T12:43:00.000Z"},{"title_":"Mercado Sem Referencial dos EUA na Abertura e Plano Inflacionário de Biden","link_":"https://br.investing.com/analysis/mercado-sem-referencial-dos-eua-na-abertura-e-plano-inflacionario-de-biden-200442286","source_name_":"Análises Fundamentalistas","source_link_":"https://br.investing.com","pub_date_":"2021-05-31T11:09:00.000Z"},{"title_":"Aberturas Positivas com Atenção ao PCE e Inflação no Brasil","link_":"https://br.investing.com/analysis/aberturas-positivas-com-atencao-ao-pce-e-inflacao-no-brasil-200442250","source_name_":"Análises Fundamentalistas","source_link_":"https://br.investing.com","pub_date_":"2021-05-28T11:06:00.000Z"},{"title_":"Abertura Sem Rumo e Mercados Preocupados com Maiores Impostos Globais","link_":"https://br.investing.com/analysis/abertura-sem-rumo-e-mercados-preocupados-com-maiores-impostos-globais-200442460","source_name_":"Análises Fundamentalistas","source_link_":"https://br.investing.com","pub_date_":"2021-06-08T10:56:00.000Z"},{"title_":"Livro Bege do Fed Alerta sobre Inflação e Escassez de Trabalhadores nos EUA","link_":"https://br.investing.com/analysis/livro-bege-do-fed-alerta-sobre-inflacao-e-escassez-de-trabalhadores-nos-eua-200442423","source_name_":"Análises Fundamentalistas","source_link_":"https://br.investing.com","pub_date_":"2021-06-07T13:11:00.000Z"},{"title_":"Semana Inicia Sem Rumo com Agenda Local Pesada, Destaque ao IPCA e CPI nos EUA","link_":"https://br.investing.com/analysis/semana-inicia-sem-rumo-com-agenda-local-pesada-destaque-ao-ipca-e-cpi-nos-eua-200442426","source_name_":"Análises Fundamentalistas","source_link_":"https://br.investing.com","pub_date_":"2021-06-07T10:58:00.000Z"},{"title_":"Aberturas Negativas e o Mercado de Volta ao: \"Dado Bom, Mercado Ruim\"","link_":"https://br.investing.com/analysis/aberturas-negativas-e-o-mercado-de-volta-ao-dado-bom-mercado-ruim-200442385","source_name_":"Análises Fundamentalistas","source_link_":"https://br.investing.com","pub_date_":"2021-06-04T11:01:00.000Z"},{"title_":"Abertura Sem Rumo e PIB Descola Mercado Local","link_":"https://br.investing.com/analysis/abertura-sem-rumo-e-pib-descola-mercado-local-200442344","source_name_":"Análises Fundamentalistas","source_link_":"https://br.investing.com","pub_date_":"2021-06-02T11:08:00.000Z"},{"title_":"Maio Foi Marcado pelo Otimismo nos Mercados, Mas Ações Precisam de Novos Suportes","link_":"https://br.investing.com/analysis/maio-foi-marcado-pelo-otimismo-nos-mercados-mas-acoes-precisam-de-novos-suportes-200442318","source_name_":"Análises Fundamentalistas","source_link_":"https://br.investing.com","pub_date_":"2021-06-01T17:32:00.000Z"},{"title_":"Aberturas Positivas com Retorno de NY e em Dia de PIB e Balança Comercial","link_":"https://br.investing.com/analysis/aberturas-positivas-com-retorno-de-ny-e-em-dia-de-pib-e-balanca-comercial-200442311","source_name_":"Análises Fundamentalistas","source_link_":"https://br.investing.com","pub_date_":"2021-06-01T10:59:00.000Z"},{"title_":"Fed: Pressão Inflacionária Já Gera Rumores de Redução do Afrouxo Monetário","link_":"https://br.investing.com/analysis/fed-pressao-inflacionaria-ja-gera-rumores-de-reducao-do-afrouxo-monetario-200442283","source_name_":"Análises Fundamentalistas","source_link_":"https://br.investing.com","pub_date_":"2021-05-31T12:43:00.000Z"},{"title_":"Mercado Sem Referencial dos EUA na Abertura e Plano Inflacionário de Biden","link_":"https://br.investing.com/analysis/mercado-sem-referencial-dos-eua-na-abertura-e-plano-inflacionario-de-biden-200442286","source_name_":"Análises Fundamentalistas","source_link_":"https://br.investing.com","pub_date_":"2021-05-31T11:09:00.000Z"},{"title_":"Aberturas Positivas com Atenção ao PCE e Inflação no Brasil","link_":"https://br.investing.com/analysis/aberturas-positivas-com-atencao-ao-pce-e-inflacao-no-brasil-200442250","source_name_":"Análises Fundamentalistas","source_link_":"https://br.investing.com","pub_date_":"2021-05-28T11:06:00.000Z"},{"title_":"Abertura Sem Rumo e Mercados Preocupados com Maiores Impostos Globais","link_":"https://br.investing.com/analysis/abertura-sem-rumo-e-mercados-preocupados-com-maiores-impostos-globais-200442460","source_name_":"Análises Fundamentalistas","source_link_":"https://br.investing.com","pub_date_":"2021-06-08T10:56:00.000Z"},{"title_":"Livro Bege do Fed Alerta sobre Inflação e Escassez de Trabalhadores nos EUA","link_":"https://br.investing.com/analysis/livro-bege-do-fed-alerta-sobre-inflacao-e-escassez-de-trabalhadores-nos-eua-200442423","source_name_":"Análises Fundamentalistas","source_link_":"https://br.investing.com","pub_date_":"2021-06-07T13:11:00.000Z"},{"title_":"Semana Inicia Sem Rumo com Agenda Local Pesada, Destaque ao IPCA e CPI nos EUA","link_":"https://br.investing.com/analysis/semana-inicia-sem-rumo-com-agenda-local-pesada-destaque-ao-ipca-e-cpi-nos-eua-200442426","source_name_":"Análises Fundamentalistas","source_link_":"https://br.investing.com","pub_date_":"2021-06-07T10:58:00.000Z"},{"title_":"Aberturas Negativas e o Mercado de Volta ao: \"Dado Bom, Mercado Ruim\"","link_":"https://br.investing.com/analysis/aberturas-negativas-e-o-mercado-de-volta-ao-dado-bom-mercado-ruim-200442385","source_name_":"Análises Fundamentalistas","source_link_":"https://br.investing.com","pub_date_":"2021-06-04T11:01:00.000Z"},{"title_":"Abertura Sem Rumo e PIB Descola Mercado Local","link_":"https://br.investing.com/analysis/abertura-sem-rumo-e-pib-descola-mercado-local-200442344","source_name_":"Análises Fundamentalistas","source_link_":"https://br.investing.com","pub_date_":"2021-06-02T11:08:00.000Z"},{"title_":"Maio Foi Marcado pelo Otimismo nos Mercados, Mas Ações Precisam de Novos Suportes","link_":"https://br.investing.com/analysis/maio-foi-marcado-pelo-otimismo-nos-mercados-mas-acoes-precisam-de-novos-suportes-200442318","source_name_":"Análises Fundamentalistas","source_link_":"https://br.investing.com","pub_date_":"2021-06-01T17:32:00.000Z"},{"title_":"Aberturas Positivas com Retorno de NY e em Dia de PIB e Balança Comercial","link_":"https://br.investing.com/analysis/aberturas-positivas-com-retorno-de-ny-e-em-dia-de-pib-e-balanca-comercial-200442311","source_name_":"Análises Fundamentalistas","source_link_":"https://br.investing.com","pub_date_":"2021-06-01T10:59:00.000Z"},{"title_":"Fed: Pressão Inflacionária Já Gera Rumores de Redução do Afrouxo Monetário","link_":"https://br.investing.com/analysis/fed-pressao-inflacionaria-ja-gera-rumores-de-reducao-do-afrouxo-monetario-200442283","source_name_":"Análises Fundamentalistas","source_link_":"https://br.investing.com","pub_date_":"2021-05-31T12:43:00.000Z"},{"title_":"Mercado Sem Referencial dos EUA na Abertura e Plano Inflacionário de Biden","link_":"https://br.investing.com/analysis/mercado-sem-referencial-dos-eua-na-abertura-e-plano-inflacionario-de-biden-200442286","source_name_":"Análises Fundamentalistas","source_link_":"https://br.investing.com","pub_date_":"2021-05-31T11:09:00.000Z"},{"title_":"Aberturas Positivas com Atenção ao PCE e Inflação no Brasil","link_":"https://br.investing.com/analysis/aberturas-positivas-com-atencao-ao-pce-e-inflacao-no-brasil-200442250","source_name_":"Análises Fundamentalistas","source_link_":"https://br.investing.com","pub_date_":"2021-05-28T11:06:00.000Z"},{"title_":"Abertura Sem Rumo e Mercados Preocupados com Maiores Impostos Globais","link_":"https://br.investing.com/analysis/abertura-sem-rumo-e-mercados-preocupados-com-maiores-impostos-globais-200442460","source_name_":"Análises Fundamentalistas","source_link_":"https://br.investing.com","pub_date_":"2021-06-08T10:56:00.000Z"},{"title_":"Livro Bege do Fed Alerta sobre Inflação e Escassez de Trabalhadores nos EUA","link_":"https://br.investing.com/analysis/livro-bege-do-fed-alerta-sobre-inflacao-e-escassez-de-trabalhadores-nos-eua-200442423","source_name_":"Análises Fundamentalistas","source_link_":"https://br.investing.com","pub_date_":"2021-06-07T13:11:00.000Z"},{"title_":"Semana Inicia Sem Rumo com Agenda Local Pesada, Destaque ao IPCA e CPI nos EUA","link_":"https://br.investing.com/analysis/semana-inicia-sem-rumo-com-agenda-local-pesada-destaque-ao-ipca-e-cpi-nos-eua-200442426","source_name_":"Análises Fundamentalistas","source_link_":"https://br.investing.com","pub_date_":"2021-06-07T10:58:00.000Z"},{"title_":"Aberturas Negativas e o Mercado de Volta ao: \"Dado Bom, Mercado Ruim\"","link_":"https://br.investing.com/analysis/aberturas-negativas-e-o-mercado-de-volta-ao-dado-bom-mercado-ruim-200442385","source_name_":"Análises Fundamentalistas","source_link_":"https://br.investing.com","pub_date_":"2021-06-04T11:01:00.000Z"},{"title_":"Abertura Sem Rumo e PIB Descola Mercado Local","link_":"https://br.investing.com/analysis/abertura-sem-rumo-e-pib-descola-mercado-local-200442344","source_name_":"Análises Fundamentalistas","source_link_":"https://br.investing.com","pub_date_":"2021-06-02T11:08:00.000Z"},{"title_":"Maio Foi Marcado pelo Otimismo nos Mercados, Mas Ações Precisam de Novos Suportes","link_":"https://br.investing.com/analysis/maio-foi-marcado-pelo-otimismo-nos-mercados-mas-acoes-precisam-de-novos-suportes-200442318","source_name_":"Análises Fundamentalistas","source_link_":"https://br.investing.com","pub_date_":"2021-06-01T17:32:00.000Z"},{"title_":"Aberturas Positivas com Retorno de NY e em Dia de PIB e Balança Comercial","link_":"https://br.investing.com/analysis/aberturas-positivas-com-retorno-de-ny-e-em-dia-de-pib-e-balanca-comercial-200442311","source_name_":"Análises Fundamentalistas","source_link_":"https://br.investing.com","pub_date_":"2021-06-01T10:59:00.000Z"},{"title_":"Fed: Pressão Inflacionária Já Gera Rumores de Redução do Afrouxo Monetário","link_":"https://br.investing.com/analysis/fed-pressao-inflacionaria-ja-gera-rumores-de-reducao-do-afrouxo-monetario-200442283","source_name_":"Análises Fundamentalistas","source_link_":"https://br.investing.com","pub_date_":"2021-05-31T12:43:00.000Z"},{"title_":"Mercado Sem Referencial dos EUA na Abertura e Plano Inflacionário de Biden","link_":"https://br.investing.com/analysis/mercado-sem-referencial-dos-eua-na-abertura-e-plano-inflacionario-de-biden-200442286","source_name_":"Análises Fundamentalistas","source_link_":"https://br.investing.com","pub_date_":"2021-05-31T11:09:00.000Z"},{"title_":"Aberturas Positivas com Atenção ao PCE e Inflação no Brasil","link_":"https://br.investing.com/analysis/aberturas-positivas-com-atencao-ao-pce-e-inflacao-no-brasil-200442250","source_name_":"Análises Fundamentalistas","source_link_":"https://br.investing.com","pub_date_":"2021-05-28T11:06:00.000Z"},{"title_":"Abertura Sem Rumo e Mercados Preocupados com Maiores Impostos Globais","link_":"https://br.investing.com/analysis/abertura-sem-rumo-e-mercados-preocupados-com-maiores-impostos-globais-200442460","source_name_":"Análises Fundamentalistas","source_link_":"https://br.investing.com","pub_date_":"2021-06-08T10:56:00.000Z"},{"title_":"Livro Bege do Fed Alerta sobre Inflação e Escassez de Trabalhadores nos EUA","link_":"https://br.investing.com/analysis/livro-bege-do-fed-alerta-sobre-inflacao-e-escassez-de-trabalhadores-nos-eua-200442423","source_name_":"Análises Fundamentalistas","source_link_":"https://br.investing.com","pub_date_":"2021-06-07T13:11:00.000Z"},{"title_":"Semana Inicia Sem Rumo com Agenda Local Pesada, Destaque ao IPCA e CPI nos EUA","link_":"https://br.investing.com/analysis/semana-inicia-sem-rumo-com-agenda-local-pesada-destaque-ao-ipca-e-cpi-nos-eua-200442426","source_name_":"Análises Fundamentalistas","source_link_":"https://br.investing.com","pub_date_":"2021-06-07T10:58:00.000Z"},{"title_":"Aberturas Negativas e o Mercado de Volta ao: \"Dado Bom, Mercado Ruim\"","link_":"https://br.investing.com/analysis/aberturas-negativas-e-o-mercado-de-volta-ao-dado-bom-mercado-ruim-200442385","source_name_":"Análises Fundamentalistas","source_link_":"https://br.investing.com","pub_date_":"2021-06-04T11:01:00.000Z"},{"title_":"Abertura Sem Rumo e PIB Descola Mercado Local","link_":"https://br.investing.com/analysis/abertura-sem-rumo-e-pib-descola-mercado-local-200442344","source_name_":"Análises Fundamentalistas","source_link_":"https://br.investing.com","pub_date_":"2021-06-02T11:08:00.000Z"},{"title_":"Maio Foi Marcado pelo Otimismo nos Mercados, Mas Ações Precisam de Novos Suportes","link_":"https://br.investing.com/analysis/maio-foi-marcado-pelo-otimismo-nos-mercados-mas-acoes-precisam-de-novos-suportes-200442318","source_name_":"Análises Fundamentalistas","source_link_":"https://br.investing.com","pub_date_":"2021-06-01T17:32:00.000Z"},{"title_":"Aberturas Positivas com Retorno de NY e em Dia de PIB e Balança Comercial","link_":"https://br.investing.com/analysis/aberturas-positivas-com-retorno-de-ny-e-em-dia-de-pib-e-balanca-comercial-200442311","source_name_":"Análises Fundamentalistas","source_link_":"https://br.investing.com","pub_date_":"2021-06-01T10:59:00.000Z"},{"title_":"Fed: Pressão Inflacionária Já Gera Rumores de Redução do Afrouxo Monetário","link_":"https://br.investing.com/analysis/fed-pressao-inflacionaria-ja-gera-rumores-de-reducao-do-afrouxo-monetario-200442283","source_name_":"Análises Fundamentalistas","source_link_":"https://br.investing.com","pub_date_":"2021-05-31T12:43:00.000Z"},{"title_":"Mercado Sem Referencial dos EUA na Abertura e Plano Inflacionário de Biden","link_":"https://br.investing.com/analysis/mercado-sem-referencial-dos-eua-na-abertura-e-plano-inflacionario-de-biden-200442286","source_name_":"Análises Fundamentalistas","source_link_":"https://br.investing.com","pub_date_":"2021-05-31T11:09:00.000Z"},{"title_":"Aberturas Positivas com Atenção ao PCE e Inflação no Brasil","link_":"https://br.investing.com/analysis/aberturas-positivas-com-atencao-ao-pce-e-inflacao-no-brasil-200442250","source_name_":"Análises Fundamentalistas","source_link_":"https://br.investing.com","pub_date_":"2021-05-28T11:06:00.000Z"},{"title_":"Abertura Sem Rumo e Mercados Preocupados com Maiores Impostos Globais","link_":"https://br.investing.com/analysis/abertura-sem-rumo-e-mercados-preocupados-com-maiores-impostos-globais-200442460","source_name_":"Análises Fundamentalistas","source_link_":"https://br.investing.com","pub_date_":"2021-06-08T10:56:00.000Z"},{"title_":"Livro Bege do Fed Alerta sobre Inflação e Escassez de Trabalhadores nos EUA","link_":"https://br.investing.com/analysis/livro-bege-do-fed-alerta-sobre-inflacao-e-escassez-de-trabalhadores-nos-eua-200442423","source_name_":"Análises Fundamentalistas","source_link_":"https://br.investing.com","pub_date_":"2021-06-07T13:11:00.000Z"},{"title_":"Semana Inicia Sem Rumo com Agenda Local Pesada, Destaque ao IPCA e CPI nos EUA","link_":"https://br.investing.com/analysis/semana-inicia-sem-rumo-com-agenda-local-pesada-destaque-ao-ipca-e-cpi-nos-eua-200442426","source_name_":"Análises Fundamentalistas","source_link_":"https://br.investing.com","pub_date_":"2021-06-07T10:58:00.000Z"},{"title_":"Aberturas Negativas e o Mercado de Volta ao: \"Dado Bom, Mercado Ruim\"","link_":"https://br.investing.com/analysis/aberturas-negativas-e-o-mercado-de-volta-ao-dado-bom-mercado-ruim-200442385","source_name_":"Análises Fundamentalistas","source_link_":"https://br.investing.com","pub_date_":"2021-06-04T11:01:00.000Z"},{"title_":"Abertura Sem Rumo e PIB Descola Mercado Local","link_":"https://br.investing.com/analysis/abertura-sem-rumo-e-pib-descola-mercado-local-200442344","source_name_":"Análises Fundamentalistas","source_link_":"https://br.investing.com","pub_date_":"2021-06-02T11:08:00.000Z"},{"title_":"Maio Foi Marcado pelo Otimismo nos Mercados, Mas Ações Precisam de Novos Suportes","link_":"https://br.investing.com/analysis/maio-foi-marcado-pelo-otimismo-nos-mercados-mas-acoes-precisam-de-novos-suportes-200442318","source_name_":"Análises Fundamentalistas","source_link_":"https://br.investing.com","pub_date_":"2021-06-01T17:32:00.000Z"},{"title_":"Aberturas Positivas com Retorno de NY e em Dia de PIB e Balança Comercial","link_":"https://br.investing.com/analysis/aberturas-positivas-com-retorno-de-ny-e-em-dia-de-pib-e-balanca-comercial-200442311","source_name_":"Análises Fundamentalistas","source_link_":"https://br.investing.com","pub_date_":"2021-06-01T10:59:00.000Z"},{"title_":"Fed: Pressão Inflacionária Já Gera Rumores de Redução do Afrouxo Monetário","link_":"https://br.investing.com/analysis/fed-pressao-inflacionaria-ja-gera-rumores-de-reducao-do-afrouxo-monetario-200442283","source_name_":"Análises Fundamentalistas","source_link_":"https://br.investing.com","pub_date_":"2021-05-31T12:43:00.000Z"},{"title_":"Mercado Sem Referencial dos EUA na Abertura e Plano Inflacionário de Biden","link_":"https://br.investing.com/analysis/mercado-sem-referencial-dos-eua-na-abertura-e-plano-inflacionario-de-biden-200442286","source_name_":"Análises Fundamentalistas","source_link_":"https://br.investing.com","pub_date_":"2021-05-31T11:09:00.000Z"},{"title_":"Aberturas Positivas com Atenção ao PCE e Inflação no Brasil","link_":"https://br.investing.com/analysis/aberturas-positivas-com-atencao-ao-pce-e-inflacao-no-brasil-200442250","source_name_":"Análises Fundamentalistas","source_link_":"https://br.investing.com","pub_date_":"2021-05-28T11:06:00.000Z"},{"title_":"Abertura Sem Rumo e Mercados Preocupados com Maiores Impostos Globais","link_":"https://br.investing.com/analysis/abertura-sem-rumo-e-mercados-preocupados-com-maiores-impostos-globais-200442460","source_name_":"Análises Fundamentalistas","source_link_":"https://br.investing.com","pub_date_":"2021-06-08T10:56:00.000Z"},{"title_":"Livro Bege do Fed Alerta sobre Inflação e Escassez de Trabalhadores nos EUA","link_":"https://br.investing.com/analysis/livro-bege-do-fed-alerta-sobre-inflacao-e-escassez-de-trabalhadores-nos-eua-200442423","source_name_":"Análises Fundamentalistas","source_link_":"https://br.investing.com","pub_date_":"2021-06-07T13:11:00.000Z"},{"title_":"Semana Inicia Sem Rumo com Agenda Local Pesada, Destaque ao IPCA e CPI nos EUA","link_":"https://br.investing.com/analysis/semana-inicia-sem-rumo-com-agenda-local-pesada-destaque-ao-ipca-e-cpi-nos-eua-200442426","source_name_":"Análises Fundamentalistas","source_link_":"https://br.investing.com","pub_date_":"2021-06-07T10:58:00.000Z"},{"title_":"Aberturas Negativas e o Mercado de Volta ao: \"Dado Bom, Mercado Ruim\"","link_":"https://br.investing.com/analysis/aberturas-negativas-e-o-mercado-de-volta-ao-dado-bom-mercado-ruim-200442385","source_name_":"Análises Fundamentalistas","source_link_":"https://br.investing.com","pub_date_":"2021-06-04T11:01:00.000Z"},{"title_":"Abertura Sem Rumo e PIB Descola Mercado Local","link_":"https://br.investing.com/analysis/abertura-sem-rumo-e-pib-descola-mercado-local-200442344","source_name_":"Análises Fundamentalistas","source_link_":"https://br.investing.com","pub_date_":"2021-06-02T11:08:00.000Z"},{"title_":"Maio Foi Marcado pelo Otimismo nos Mercados, Mas Ações Precisam de Novos Suportes","link_":"https://br.investing.com/analysis/maio-foi-marcado-pelo-otimismo-nos-mercados-mas-acoes-precisam-de-novos-suportes-200442318","source_name_":"Análises Fundamentalistas","source_link_":"https://br.investing.com","pub_date_":"2021-06-01T17:32:00.000Z"},{"title_":"Aberturas Positivas com Retorno de NY e em Dia de PIB e Balança Comercial","link_":"https://br.investing.com/analysis/aberturas-positivas-com-retorno-de-ny-e-em-dia-de-pib-e-balanca-comercial-200442311","source_name_":"Análises Fundamentalistas","source_link_":"https://br.investing.com","pub_date_":"2021-06-01T10:59:00.000Z"},{"title_":"Fed: Pressão Inflacionária Já Gera Rumores de Redução do Afrouxo Monetário","link_":"https://br.investing.com/analysis/fed-pressao-inflacionaria-ja-gera-rumores-de-reducao-do-afrouxo-monetario-200442283","source_name_":"Análises Fundamentalistas","source_link_":"https://br.investing.com","pub_date_":"2021-05-31T12:43:00.000Z"},{"title_":"Mercado Sem Referencial dos EUA na Abertura e Plano Inflacionário de Biden","link_":"https://br.investing.com/analysis/mercado-sem-referencial-dos-eua-na-abertura-e-plano-inflacionario-de-biden-200442286","source_name_":"Análises Fundamentalistas","source_link_":"https://br.investing.com","pub_date_":"2021-05-31T11:09:00.000Z"},{"title_":"Aberturas Positivas com Atenção ao PCE e Inflação no Brasil","link_":"https://br.investing.com/analysis/aberturas-positivas-com-atencao-ao-pce-e-inflacao-no-brasil-200442250","source_name_":"Análises Fundamentalistas","source_link_":"https://br.investing.com","pub_date_":"2021-05-28T11:06:00.000Z"},{"title_":"Abertura Sem Rumo e Mercados Preocupados com Maiores Impostos Globais","link_":"https://br.investing.com/analysis/abertura-sem-rumo-e-mercados-preocupados-com-maiores-impostos-globais-200442460","source_name_":"Análises Fundamentalistas","source_link_":"https://br.investing.com","pub_date_":"2021-06-08T10:56:00.000Z"},{"title_":"Livro Bege do Fed Alerta sobre Inflação e Escassez de Trabalhadores nos EUA","link_":"https://br.investing.com/analysis/livro-bege-do-fed-alerta-sobre-inflacao-e-escassez-de-trabalhadores-nos-eua-200442423","source_name_":"Análises Fundamentalistas","source_link_":"https://br.investing.com","pub_date_":"2021-06-07T13:11:00.000Z"},{"title_":"Semana Inicia Sem Rumo com Agenda Local Pesada, Destaque ao IPCA e CPI nos EUA","link_":"https://br.investing.com/analysis/semana-inicia-sem-rumo-com-agenda-local-pesada-destaque-ao-ipca-e-cpi-nos-eua-200442426","source_name_":"Análises Fundamentalistas","source_link_":"https://br.investing.com","pub_date_":"2021-06-07T10:58:00.000Z"},{"title_":"Aberturas Negativas e o Mercado de Volta ao: \"Dado Bom, Mercado Ruim\"","link_":"https://br.investing.com/analysis/aberturas-negativas-e-o-mercado-de-volta-ao-dado-bom-mercado-ruim-200442385","source_name_":"Análises Fundamentalistas","source_link_":"https://br.investing.com","pub_date_":"2021-06-04T11:01:00.000Z"},{"title_":"Abertura Sem Rumo e PIB Descola Mercado Local","link_":"https://br.investing.com/analysis/abertura-sem-rumo-e-pib-descola-mercado-local-200442344","source_name_":"Análises Fundamentalistas","source_link_":"https://br.investing.com","pub_date_":"2021-06-02T11:08:00.000Z"},{"title_":"Maio Foi Marcado pelo Otimismo nos Mercados, Mas Ações Precisam de Novos Suportes","link_":"https://br.investing.com/analysis/maio-foi-marcado-pelo-otimismo-nos-mercados-mas-acoes-precisam-de-novos-suportes-200442318","source_name_":"Análises Fundamentalistas","source_link_":"https://br.investing.com","pub_date_":"2021-06-01T17:32:00.000Z"},{"title_":"Aberturas Positivas com Retorno de NY e em Dia de PIB e Balança Comercial","link_":"https://br.investing.com/analysis/aberturas-positivas-com-retorno-de-ny-e-em-dia-de-pib-e-balanca-comercial-200442311","source_name_":"Análises Fundamentalistas","source_link_":"https://br.investing.com","pub_date_":"2021-06-01T10:59:00.000Z"},{"title_":"Fed: Pressão Inflacionária Já Gera Rumores de Redução do Afrouxo Monetário","link_":"https://br.investing.com/analysis/fed-pressao-inflacionaria-ja-gera-rumores-de-reducao-do-afrouxo-monetario-200442283","source_name_":"Análises Fundamentalistas","source_link_":"https://br.investing.com","pub_date_":"2021-05-31T12:43:00.000Z"},{"title_":"Mercado Sem Referencial dos EUA na Abertura e Plano Inflacionário de Biden","link_":"https://br.investing.com/analysis/mercado-sem-referencial-dos-eua-na-abertura-e-plano-inflacionario-de-biden-200442286","source_name_":"Análises Fundamentalistas","source_link_":"https://br.investing.com","pub_date_":"2021-05-31T11:09:00.000Z"},{"title_":"Aberturas Positivas com Atenção ao PCE e Inflação no Brasil","link_":"https://br.investing.com/analysis/aberturas-positivas-com-atencao-ao-pce-e-inflacao-no-brasil-200442250","source_name_":"Análises Fundamentalistas","source_link_":"https://br.investing.com","pub_date_":"2021-05-28T11:06:00.000Z"},{"title_":"Abertura Sem Rumo e Mercados Preocupados com Maiores Impostos Globais","link_":"https://br.investing.com/analysis/abertura-sem-rumo-e-mercados-preocupados-com-maiores-impostos-globais-200442460","source_name_":"Análises Fundamentalistas","source_link_":"https://br.investing.com","pub_date_":"2021-06-08T10:56:00.000Z"},{"title_":"Livro Bege do Fed Alerta sobre Inflação e Escassez de Trabalhadores nos EUA","link_":"https://br.investing.com/analysis/livro-bege-do-fed-alerta-sobre-inflacao-e-escassez-de-trabalhadores-nos-eua-200442423","source_name_":"Análises Fundamentalistas","source_link_":"https://br.investing.com","pub_date_":"2021-06-07T13:11:00.000Z"},{"title_":"Semana Inicia Sem Rumo com Agenda Local Pesada, Destaque ao IPCA e CPI nos EUA","link_":"https://br.investing.com/analysis/semana-inicia-sem-rumo-com-agenda-local-pesada-destaque-ao-ipca-e-cpi-nos-eua-200442426","source_name_":"Análises Fundamentalistas","source_link_":"https://br.investing.com","pub_date_":"2021-06-07T10:58:00.000Z"},{"title_":"Aberturas Negativas e o Mercado de Volta ao: \"Dado Bom, Mercado Ruim\"","link_":"https://br.investing.com/analysis/aberturas-negativas-e-o-mercado-de-volta-ao-dado-bom-mercado-ruim-200442385","source_name_":"Análises Fundamentalistas","source_link_":"https://br.investing.com","pub_date_":"2021-06-04T11:01:00.000Z"},{"title_":"Abertura Sem Rumo e PIB Descola Mercado Local","link_":"https://br.investing.com/analysis/abertura-sem-rumo-e-pib-descola-mercado-local-200442344","source_name_":"Análises Fundamentalistas","source_link_":"https://br.investing.com","pub_date_":"2021-06-02T11:08:00.000Z"},{"title_":"Maio Foi Marcado pelo Otimismo nos Mercados, Mas Ações Precisam de Novos Suportes","link_":"https://br.investing.com/analysis/maio-foi-marcado-pelo-otimismo-nos-mercados-mas-acoes-precisam-de-novos-suportes-200442318","source_name_":"Análises Fundamentalistas","source_link_":"https://br.investing.com","pub_date_":"2021-06-01T17:32:00.000Z"},{"title_":"Aberturas Positivas com Retorno de NY e em Dia de PIB e Balança Comercial","link_":"https://br.investing.com/analysis/aberturas-positivas-com-retorno-de-ny-e-em-dia-de-pib-e-balanca-comercial-200442311","source_name_":"Análises Fundamentalistas","source_link_":"https://br.investing.com","pub_date_":"2021-06-01T10:59:00.000Z"},{"title_":"Fed: Pressão Inflacionária Já Gera Rumores de Redução do Afrouxo Monetário","link_":"https://br.investing.com/analysis/fed-pressao-inflacionaria-ja-gera-rumores-de-reducao-do-afrouxo-monetario-200442283","source_name_":"Análises Fundamentalistas","source_link_":"https://br.investing.com","pub_date_":"2021-05-31T12:43:00.000Z"},{"title_":"Mercado Sem Referencial dos EUA na Abertura e Plano Inflacionário de Biden","link_":"https://br.investing.com/analysis/mercado-sem-referencial-dos-eua-na-abertura-e-plano-inflacionario-de-biden-200442286","source_name_":"Análises Fundamentalistas","source_link_":"https://br.investing.com","pub_date_":"2021-05-31T11:09:00.000Z"},{"title_":"Aberturas Positivas com Atenção ao PCE e Inflação no Brasil","link_":"https://br.investing.com/analysis/aberturas-positivas-com-atencao-ao-pce-e-inflacao-no-brasil-200442250","source_name_":"Análises Fundamentalistas","source_link_":"https://br.investing.com","pub_date_":"2021-05-28T11:06:00.000Z"},{"title_":"Aberturas Negativas e Dólar Não Resiste ao BCB Hawkish","link_":"https://br.investing.com/analysis/aberturas-negativas-e-dolar-nao-resiste-ao-bcb-hawkish-200442722","source_name_":"Análises Fundamentalistas","source_type_":1,"source_link_":"https://br.investing.com","pub_date_":"2021-06-18T10:55:00.000Z"},{"title_":"Mercado Reage Negativamente ao \"Voo dos Falcões\"","link_":"https://br.investing.com/analysis/mercado-reage-negativamente-ao-voo-dos-falcoes-200442689","source_name_":"Análises Fundamentalistas","source_type_":1,"source_link_":"https://br.investing.com","pub_date_":"2021-06-17T10:54:00.000Z"},{"title_":"Fed Mantém Taxa de Juros, Veja o que Aconteceu Com Ouro, Ibovespa e Dólar (USDBRL)","link_":"https://br.investing.com/analysis/fed-mantem-de-taxa-de-juros-veja-o-que-aconteceu--200442669","source_name_":"Análises Fundamentalistas","source_type_":1,"source_link_":"https://br.investing.com","pub_date_":"2021-06-16T18:25:00.000Z"},{"title_":"Mercados Positivos na Super Quarta dos BCs","link_":"https://br.investing.com/analysis/mercados-positivos-na-super-quarta-dos-bcs-200442654","source_name_":"Análises Fundamentalistas","source_type_":1,"source_link_":"https://br.investing.com","pub_date_":"2021-06-16T10:50:00.000Z"},{"title_":"Super Quarta Não Deve Alterar Nada,  Estados Unidos Têm Metas com Dólar Frágil!","link_":"https://br.investing.com/analysis/super-quarta-nao-deve-alterar-nada--estados-unidos-tem-metas-com-dolar-fragil-200442652","source_name_":"Análises Fundamentalistas","source_type_":1,"source_link_":"https://br.investing.com","pub_date_":"2021-06-16T10:00:00.000Z"},{"title_":"Abertura de Mercado (15/06)","link_":"https://br.investing.com/analysis/abertura-de-mercado-1506-200442636","source_name_":"Análises Fundamentalistas","source_type_":1,"source_link_":"https://br.investing.com","pub_date_":"2021-06-15T14:31:00.000Z"},{"title_":"Se COPOM Não Decepcionar, Dólar Cairá a R$ 4,60/4,80, Mesmo Sem Fluxo Cambial","link_":"https://br.investing.com/analysis/se-copom-nao-decepcionar-dolar-caira-a-r-460480-mesmo-sem-fluxo-cambial-200442635","source_name_":"Análises Fundamentalistas","source_type_":1,"source_link_":"https://br.investing.com","pub_date_":"2021-06-15T13:56:00.000Z"},{"title_":"Aberturas Voltadas ao Início das Reuniões dos BCs. Inflação no Foco","link_":"https://br.investing.com/analysis/aberturas-voltadas-ao-inicio-das-reunioes-dos-bcs-inflacao-no-foco-200442627","source_name_":"Análises Fundamentalistas","source_type_":1,"source_link_":"https://br.investing.com","pub_date_":"2021-06-15T11:04:00.000Z"},{"title_":"5 Riscos da Bolsa e Como Lucrar com Isso","link_":"https://br.investing.com/analysis/5-riscos-da-bolsa-e-como-lucrar-com-isso-200442584","source_name_":"Análises Fundamentalistas","source_type_":1,"source_link_":"https://br.investing.com","pub_date_":"2021-06-14T13:16:00.000Z"},{"title_":"Semana Inicia Positiva com Super Quarta de Juros e Inflações","link_":"https://br.investing.com/analysis/semana-inicia-positiva-com-super-quarta-de-juros-e-inflacoes-200442592","source_name_":"Análises Fundamentalistas","source_type_":1,"source_link_":"https://br.investing.com","pub_date_":"2021-06-14T10:56:00.000Z"}]